Table 6. Pathogenicty predictions for 26 variants from the FBN1 VCEP Pilot Study,,,,,,,,,,,,,
CLinVar ID,Genomic HGVS,Consequence,MedEmbed,,,google,,,MPNet,,,Pilot Classification - Non-Core Center,Pilot Classification - Core Center
,,,Count,Conf. Score,Pred,Count,Conf. Score,Pred,Count,Conf. Score,Pred,,
549178,NC_000015.10:g.48485454_48485456del,inframe_deletion,"B:10, P:0",1,benign,"B:6, P:4",0.6,benign,"B:3, P:7",0.7,pathogenic,Likely Pathogenic,Likely Pathogenic
2413175,NC_000015.10:g.48496158dup,frameshift_variant,"B:10, P:0",1,benign,"B:5, P:5",0.5,uncertain,"B:2, P:8",0.8,pathogenic,Likely Pathogenic,Likely Pathogenic
419823,NC_000015.10:g.48411080_48411084del,frameshift_variant,"B:9, P:1",0.9,benign,"B:9, P:1",0.9,benign,"B:2, P:8",0.8,pathogenic,Likely Pathogenic,Pathogenic
626879,NC_000015.10:g.48467987del,frameshift_variant,"B:10, P:0",1,benign,"B:8, P:2",0.8,benign,"B:2, P:8",0.8,pathogenic,Likely Pathogenic,Likely Pathogenic
42355,NC_000015.10:g.48472617G>C,missense_variant,"B:0, P:10",1,pathogenic,"B:2, P:8",0.8,pathogenic,"B:0, P:10",1,pathogenic,Likely Benign,Likely Benign
200171,NC_000015.10:g.48427731_48427732del,frameshift_variant,"B:10, P:0",1,benign,"B:3, P:7",0.7,pathogenic,"B:2, P:8",0.8,pathogenic,Pathogenic,Pathogenic
200064,NC_000015.10:g.48452664C>T,missense_variant,"B:0, P:10",1,pathogenic,"B:3, P:7",0.7,pathogenic,"B:0, P:10",1,pathogenic,VUS,VUS
549177,NC_000015.10:g.48485463del,frameshift_variant,"B:10, P:0",1,benign,"B:3, P:7",0.7,pathogenic,"B:1, P:9",0.9,pathogenic,Pathogenic,Likely Pathogenic
2413170,NC_000015.10:g.48474311_48474316del,inframe_deletion,"B:10, P:0",1,benign,"B:7, P:3",0.7,benign,"B:0, P:10",1,pathogenic,Likely Pathogenic,Likely Pathogenic
200041,NC_000015.10:g.48472673A>C,missense_variant,"B:0, P:10",1,pathogenic,"B:2, P:8",0.8,pathogenic,"B:0, P:10",1,pathogenic,Likely Benign,Likely Benign
457191,NC_000015.10:g.48488155C>T,missense_variant,"B:1, P:9",0.9,pathogenic,"B:3, P:7",0.7,pathogenic,"B:0, P:10",1,pathogenic,Likely Benign,VUS
263692,NC_000015.10:g.48465575C>T,synonymous_variant,"B:10, P:0",1,benign,"B:10, P:0",1,benign,"B:10, P:0",1,benign,VUS,VUS
161245,NC_000015.10:g.48644711T>C,missense_variant,"B:2, P:8",0.8,pathogenic,"B:5, P:5",0.5,uncertain,"B:1, P:9",0.9,pathogenic,VUS,Likely Benign
549451,NC_000015.10:g.48415536delinsAA,frameshift_variant,"B:10, P:0",1,benign,"B:7, P:3",0.7,benign,"B:4, P:6",0.6,pathogenic,Likely Pathogenic,Likely Pathogenic
42420,NC_000015.10:g.48427605_48427606del,frameshift_variant,"B:10, P:0",1,benign,"B:6, P:4",0.6,benign,"B:0, P:10",1,pathogenic,Likely Pathogenic,Likely Pathogenic
373598,NC_000015.10:g.48468528T>C,missense_variant,"B:0, P:10",1,pathogenic,"B:0, P:10",1,pathogenic,"B:0, P:10",1,pathogenic,Likely Pathogenic,Likely Pathogenic
446494,NC_000015.10:g.48494269G>T,splice_polypyrimidine_tract_variant,"B:10, P:0",1,benign,"B:10, P:0",1,benign,"B:10, P:0",1,benign,VUS,Pathogenic
237106,NC_000015.10:g.48412646C>T,missense_variant,"B:0, P:10",1,pathogenic,"B:5, P:5",0.5,uncertain,"B:0, P:10",1,pathogenic,Likely Benign,Likely Benign
1319506,NC_000015.10:g.48425810T>C,missense_variant,"B:0, P:10",1,pathogenic,"B:0, P:10",1,pathogenic,"B:0, P:10",1,pathogenic,Likely Pathogenic,Likely Pathogenic
36115,NC_000015.10:g.48425410G>C,missense_variant,"B:0, P:10",1,pathogenic,"B:3, P:7",0.7,pathogenic,"B:1, P:9",0.9,pathogenic,VUS,VUS
2413174,NC_000015.10:g.48421614A>T,missense_variant,"B:0, P:10",1,pathogenic,"B:0, P:10",1,pathogenic,"B:0, P:10",1,pathogenic,VUS,VUS
16445,NC_000015.10:g.48503942A>C,splice_region_variant,"B:8, P:2",0.8,benign,"B:4, P:6",0.6,pathogenic,"B:8, P:2",0.8,benign,Benign,Benign
406374,NC_000015.10:g.48534139_48534145del,frameshift_variant,"B:10, P:0",1,benign,"B:9, P:1",0.9,benign,"B:1, P:9",0.9,pathogenic,Likely Pathogenic,Likely Pathogenic
2506004,NC_000015.10:g.48446759_48446761del,inframe_deletion,"B:10, P:0",1,benign,"B:6, P:4",0.6,benign,"B:3, P:7",0.7,pathogenic,VUS,VUS
2413171,NC_000015.10:g.48503854_48503872del,frameshift_variant,"B:10, P:0",1,benign,"B:6, P:4",0.6,benign,"B:0, P:10",1,pathogenic,Pathogenic,Pathogenic
1325453,NC_000015.10:g.48425439del,frameshift_variant,"B:10, P:0",1,benign,"B:2, P:8",0.8,pathogenic,"B:3, P:7",0.7,pathogenic,Likely Pathogenic,Likely Pathogenic
N/A,NC_000015.10:g.48421672T>G,Intronic/splice site,"B:1, P:9",0.9,pathogenic,"B:0, P:10",1,pathogenic,"B:2, P:8",0.8,pathogenic,VUS,VUS
N/A,NC_000015.10:g.48425458_48425461delinsT,protein_altering_variant,"B:5, P:5",0.5,uncertain,"B:9, P:1",0.9,benign,"B:1, P:9",0.9,pathogenic,Likely Pathogenic,Likely Pathogenic
N/A,NC_000015.10:g.48421564_48421565delinsTTCACCTTCCAGATCACC,frameshift_variant,"B:10, P:0",1,benign,"B:10, P:0",1,benign,"B:1, P:9",0.9,pathogenic,Pathogenic,Pathogenic
N/A,NC_000015.10:g.48503942A>C,splice_region_variant,"B:8, P:2",0.8,benign,"B:4, P:6",0.6,pathogenic,"B:8, P:2",0.8,benign,VUS,VUS